그룹,항목,설명,회복,페이지
,행동판정,행동치+주사위로 목표치 이상을 노리는 기본 판정입니다. 세부 수치는 룰북을 참고해 입력하세요.,,45
,오버에지,신드롬 능력을 강하게 쓰는 대가로 폭주 위험이 오르는 상태입니다. 세부 규칙을 여기에 정리하세요.,,60
,로이스,캐릭터가 맺는 감정적 유대 관계입니다. 세부 규칙을 여기에 정리하세요.,,30
배드 스테이터스,중압,중압은 캐릭터가 유형무형의 압력을 받아 움직임이 둔해진 상태를 나타낸다. 중압을 입은 캐릭터는 「타이밍: 오토 액션」인 이펙트를 사용할 수 없다.,중압을 회복하려면 마이너 액션이나 메이저 액션을 사용한다.,
배드 스테이터스,경직,경직은 캐릭터의 자세가 흐트러지거나 이펙트 때문에 몸을 움직이기 어려운 상태에 빠졌음을 나타낸다. 경직을 입은 캐릭터는 전력이동 및 전투이동을 할 수 없다.,경직을 회복하려면 마이너 액션이나 메이저 액션을 사용한다.,
배드 스테이터스,사독,사독은 독극물이나 이펙트 때문에 캐릭터가 중독 증상을 일으켰음을 나타낸다. 사독을 입은 캐릭터는 클린업 프로세스마다 [사독에 설정된 랭크×3]점의 HP 대미지를 입는다.,사독은 아이템이나 이펙트로만 회복할 수 있다.,
배드 스테이터스,방심,방심은 강한 충격을 입거나 해서 캐릭터가 몽롱해진 상태를 나타낸다. 방심을 입은 캐릭터가 행할 모든 판정의 다이스는 2개 감소된다.,방심은 해당 라운드의 클린업 프로세스에 자동으로 회복된다.,
배드 스테이터스,폭주,폭주는 캐릭터가 자신의 충동에 의식을 먹혀버린 상태를 나타낸다. 폭주한 캐릭터는 가드를 포함한 모든 리액션과 커버링을 할 수 없게 된다.,폭주를 회복하려면 마이너 액션이나 메이저 액션을 사용한다.,
배드 스테이터스,증오: ○○,"○○(공격대상이 될 캐릭터)에 대해 극심한 적개심을 느끼는 상태를 나타낸다. 증오를 입은 캐릭터는 지정된 캐릭터를 공격한다. 공격방법은 특별히 지정하지 않는다. 아울러 동일한 캐릭터가 여러 개의 증오를 입은 경우, 가장 마지막에 입은 증오의 효과만이 적용된다.","증오의 대상에게 공격을 한 번 가하거나(공격의 성공 여부는 따지지 않는다), 대상을 공격할 수 없는 상황이라고 GM이 판단했을 경우, 자동으로 회복된다.",
